<?xml version="1.0" encoding="utf-8"?><feed xmlns="http://www.w3.org/2005/Atom" ><generator uri="https://jekyllrb.com/" version="3.9.5">Jekyll</generator><link href="http://localhost:4000/feed.xml" rel="self" type="application/atom+xml" /><link href="http://localhost:4000/" rel="alternate" type="text/html" /><updated>2025-11-10T23:41:55+01:00</updated><id>http://localhost:4000/feed.xml</id><title type="html">Saber’s Homepage</title><subtitle>Saber&apos;s academic homepage</subtitle><author><name>Saber Salehkaleybar</name><email>s.salehkaleybar@liacs.leidenuniv.nl</email></author></feed>